INSERT INTO public.status (id,name) VALUES
	 (1,'Active'),
	 (2,'Inactive');



INSERT INTO public.file (id,"path") VALUES
	 ('2e4e9c44-2205-4408-a8a8-3d13d125d644'::uuid,'/api/v1/uploads/4f4119eb2aca488aff131.docx'),
	 ('8c0f6229-8fe2-43e7-b904-12887e6da451'::uuid,'/api/v1/uploads/a488aff131ae19fe04d54.docx'),
	 ('a45625db-6038-4eea-972d-2818b2dfb6b3'::uuid,'/api/v1/uploads/488aff131ae19fe04d545.pdf'),
	 ('e9d438fd-3dba-4edb-a698-aa9193c8d7a9'::uuid,'/api/v1/uploads/580b35f532bb800ce47f9.pdf'),
	 ('e489cc81-f4bc-4b8a-a0af-503ce7538a92'::uuid,'/api/v1/uploads/69866277bf093e7d44f56.pdf'),
	 ('a9f844f4-5294-4237-8ae8-04bfa79dd978'::uuid,'/api/v1/uploads/66277bf093e7d44f56b22.pdf'),
	 ('e13d0ddc-385e-4c5a-b930-2659ba36c817'::uuid,'/api/v1/uploads/264a5de1a48d44374e0eb.pdf'),
	 ('1aba5b09-468f-453f-ab26-2a335f58e24e'::uuid,'/api/v1/uploads/64a5de1a48d44374e0eb7.pdf'),
	 ('1af021cf-f230-4123-aa08-05bcb72f36c6'::uuid,'/api/v1/uploads/4a5de1a48d44374e0eb7a.webp'),
	 ('f213252e-f603-43d0-97d7-32aa63f50f96'::uuid,'/api/v1/uploads/a5de1a48d44374e0eb7a7.pdf');
INSERT INTO public.file (id,"path") VALUES
	 ('2b28a52d-dbc3-4d42-bf08-ccdc97ec9f33'::uuid,'/api/v1/uploads/5de1a48d44374e0eb7a72.pdf'),
	 ('ba4ac742-b2d7-4a71-a85e-1f887eae56ad'::uuid,'/api/v1/uploads/client-logo-1751893303177-883470727.webp'),
	 ('1488c038-10db-4a9e-aed9-cf7ccae27de8'::uuid,'/api/v1/uploads/client-logo-1751893349205-550264661.webp'),
	 ('753ff9f2-feb1-42fa-a101-952daf5d8577'::uuid,'/api/v1/uploads/client-logo-1751893374628-592973944.webp'),
	 ('ce7b7e05-c41d-4a87-824d-7ae117d00035'::uuid,'/api/v1/uploads/client-logo-1751893571581-63671072.webp'),
	 ('a53dcdf7-e1ca-4369-9306-679f60a561b9'::uuid,'/api/v1/uploads/client-logo-1752143805554-102631355.webp'),
	 ('f84d2211-7ed2-4efa-9a13-6775e2e73479'::uuid,'/api/v1/uploads/client-logo-1752143846598-764687005.webp'),
	 ('46ca1bbc-db21-4153-aebb-2a28753f9950'::uuid,'/api/v1/uploads/client-logo-1752143896855-578956521.webp'),
	 ('c85aa18e-6192-4baf-b8c2-b9c9ba0664e9'::uuid,'/api/v1/uploads/client-logo-1752143934593-884201850.webp'),
	 ('032f61c1-3568-4293-b0d7-8aff2e51a146'::uuid,'/api/v1/uploads/client-logo-1752144021412-36782324.webp');
INSERT INTO public.file (id,"path") VALUES
	 ('979f0ccd-64f9-47a9-adb7-934d9f05aacc'::uuid,'/api/v1/uploads/client-logo-1752144390826-512992788.webp'),
	 ('570b8010-fc4e-4f44-9f54-6e9171a4b67a'::uuid,'/api/v1/uploads/client-logo-1752147126699-754883373.webp'),
	 ('87817577-32e1-4c6d-945a-8015ca1149ae'::uuid,'/api/v1/uploads/26c5b8d2f47265ba7dbbf.webp'),
	 ('ee39a0b5-4003-4670-83e9-5002011fa6f9'::uuid,'/api/v1/uploads/6c5b8d2f47265ba7dbbfd.webp'),
	 ('07536780-f3a8-45c1-8da4-95e420ada4fa'::uuid,'/api/v1/uploads/71230ed672b71b39cdb42.webp'),
	 ('3f5ebe7d-b284-4fc0-b697-59704768b862'::uuid,'/api/v1/uploads/1230ed672b71b39cdb42a.webp'),
	 ('a9fb9abe-724a-4fae-b620-ddbbecbd72ca'::uuid,'/api/v1/uploads/b44c3f9ad2ae67b2a37c6.webp'),
	 ('d76567d5-8912-4848-823a-7bd1da170ab2'::uuid,'/api/v1/uploads/44c3f9ad2ae67b2a37c6f.webp'),
	 ('e9d430b6-2d1e-4e0c-8ef0-3b7692eded1b'::uuid,'/api/v1/uploads/4c3f9ad2ae67b2a37c6f1.webp'),
	 ('63a4f019-34e7-40cd-b8fc-3ec9b4f53560'::uuid,'/api/v1/uploads/c3f9ad2ae67b2a37c6f1f.webp');
INSERT INTO public.file (id,"path") VALUES
	 ('4fd1f2e0-04de-4b76-acdd-dc50ce053bf1'::uuid,'/api/v1/uploads/3f9ad2ae67b2a37c6f1f5.webp'),
	 ('1c9d1c6a-adf2-4ecd-bab7-7b80d0b92b5b'::uuid,'/api/v1/uploads/f9ad2ae67b2a37c6f1f5b.webp'),
	 ('6e10a6b5-11bb-491e-9964-698b826b9f43'::uuid,'/api/v1/uploads/9ad2ae67b2a37c6f1f5b0.webp'),
	 ('764710dc-69fe-4cf6-8345-634a7c0abeeb'::uuid,'/api/v1/uploads/ad2ae67b2a37c6f1f5b03.webp'),
	 ('0e3e7493-1e33-4d47-804f-282f4217a523'::uuid,'/api/v1/uploads/d2ae67b2a37c6f1f5b036.webp'),
	 ('5c3833ef-b4a9-4194-994f-f6efae0f0bf5'::uuid,'/api/v1/uploads/2ae67b2a37c6f1f5b036e.webp'),
	 ('2240f1c4-9c95-46a4-90c0-03c25716b09d'::uuid,'/api/v1/uploads/f8b2201fb3e8d95944807.webp'),
	 ('0522867c-f3f2-462c-8d07-e85b5b87aeee'::uuid,'/api/v1/uploads/8b2201fb3e8d959448074.webp'),
	 ('d3f61ff3-95e4-4381-81ce-570c94ff1508'::uuid,'/api/v1/uploads/36a1703b76eeb55a68966.webp'),
	 ('8d557636-ad84-4db3-91e1-e6710920ca33'::uuid,'/api/v1/uploads/76ec4cf81ee73d91ffd73.webp');
INSERT INTO public.file (id,"path") VALUES
	 ('cfd32d2a-08f7-4095-9fe9-228781f29ea7'::uuid,'/api/v1/uploads/22a3ab88e37f9fb0d6bc2.webp'),
	 ('6e93c1b5-a4df-4f9d-a5ef-366f96dab2b7'::uuid,'/api/v1/uploads/2a3ab88e37f9fb0d6bc22.webp'),
	 ('66dc86a7-f606-45c4-b040-f5c9279f97ea'::uuid,'/api/v1/uploads/a3ab88e37f9fb0d6bc225.webp'),
	 ('ee07574e-a6b4-48eb-a45b-f988bec9e703'::uuid,'/api/v1/uploads/bb54bc42e2aa5b661ecbe.webp'),
	 ('14ef948a-216b-48e6-867d-a7cc39f7b04b'::uuid,'/api/v1/uploads/b54bc42e2aa5b661ecbe5.webp'),
	 ('4c62ffec-b0ac-4f0c-a209-26a1c5ccde02'::uuid,'/api/v1/uploads/54bc42e2aa5b661ecbe51.webp'),
	 ('dad674fa-0be2-4e6a-846a-f9fb15925761'::uuid,'/api/v1/uploads/4bc42e2aa5b661ecbe516.webp'),
	 ('0ac5c4dd-fd11-4165-92d7-c38730b5442e'::uuid,'/api/v1/uploads/bc42e2aa5b661ecbe5163.webp'),
	 ('b6cd2160-001d-4539-ae0d-f568c0bc8bd0'::uuid,'/api/v1/uploads/a0a11d02793bdfb27a016.webp'),
	 ('fe4cecd6-fd7d-4da9-8b55-968c826e210e'::uuid,'/api/v1/uploads/73377c8e489cfa65a98d7.webp');
INSERT INTO public.file (id,"path") VALUES
	 ('672b1336-3542-4b48-ac71-4d9cf141ae86'::uuid,'/api/v1/uploads/3377c8e489cfa65a98d74.webp'),
	 ('347a6e20-bfab-42aa-99ce-4b5270edea0b'::uuid,'/api/v1/uploads/377c8e489cfa65a98d742.webp'),
	 ('36510ab3-b757-4a4a-b24b-0a3ecd4321d4'::uuid,'/api/v1/uploads/77c8e489cfa65a98d742a.webp');
	 INSERT INTO public.file (id,"path") VALUES
	 ('61d74f24-20dc-4767-957a-aaf733ae3219'::uuid,'/api/v1/uploads/b1296f764b5fa170645ec.docx'),
	 ('414ec2a7-6970-4c81-bb85-7d1b594660eb'::uuid,'/api/v1/uploads/180620ccd4fb3f92cab9a.webp'),
	 ('bdc43707-f2e8-4cf4-ad15-b126de12abcd'::uuid,'/api/v1/uploads/80620ccd4fb3f92cab9af.webp'),
	 ('ace6d26e-516f-4cfa-b984-1b430a41cc48'::uuid,'/api/v1/uploads/0620ccd4fb3f92cab9af8.docx'),
	 ('83a2118f-d94a-4223-8083-59b6e7695521'::uuid,'/api/v1/uploads/2d437cb44918f9858ae35.docx'),
	 ('263ac39d-0c44-408b-817d-8dbfc9a40746'::uuid,'/api/v1/uploads/63e85c24f4119eb2aca48.docx'),
	 ('ad76bbbb-e12b-4a5c-867d-41c9e080d1dd'::uuid,'/api/v1/uploads/3e85c24f4119eb2aca488.pdf'),
	 ('551a92c7-97f3-4263-8ae9-df6fa7030173'::uuid,'/api/v1/uploads/e85c24f4119eb2aca488a.webp'),
	 ('1893ca01-23aa-4ba0-99d3-db4a6e982d59'::uuid,'/api/v1/uploads/85c24f4119eb2aca488af.webp'),
	 ('cb05257b-bf57-4301-ba66-5b87985eeda9'::uuid,'/api/v1/uploads/5c24f4119eb2aca488aff.pdf');

INSERT INTO public.client_company (id,name,"createdAt","updatedAt","logoId") VALUES
	 (3,'Hugendubel','2025-07-07 14:02:54.957224','2025-07-07 14:02:54.957224','753ff9f2-feb1-42fa-a101-952daf5d8577'::uuid),
	 (4,'Reebok','2025-07-07 14:06:12.550955','2025-07-07 14:06:12.550955','ce7b7e05-c41d-4a87-824d-7ae117d00035'::uuid),
	 (1,'Luxottica','2025-07-07 14:01:43.612697','2025-07-10 12:33:27.417188','570b8010-fc4e-4f44-9f54-6e9171a4b67a'::uuid),
	 (2,'Woom','2025-07-07 14:02:29.438533','2025-07-10 15:34:50.412686','1488c038-10db-4a9e-aed9-cf7ccae27de8'::uuid);





INSERT INTO public.countries (flag,id,name,"createdAt","updatedAt") VALUES
	 (NULL,1,'{"de": "Deutschland"}','2025-06-24 11:05:59.534116','2025-06-24 11:05:59.534116'),
	 (NULL,2,'{"de": "Österreich"}','2025-06-24 11:06:27.643519','2025-06-24 11:06:27.643519'),
	 (NULL,3,'{"de": "Schweiz"}','2025-06-24 11:06:27.645615','2025-06-24 11:06:27.645615'),
	 (NULL,4,'{"de": "Luxemburg"}','2025-06-24 11:06:27.647201','2025-06-24 11:06:27.647201');


INSERT INTO public.job_types (id,name,"createdAt","updatedAt") VALUES
	 (1,'Visual Merchandiser','2025-06-24 11:44:51.955863','2025-06-24 11:44:51.955863'),
	 (2,'Sales adviser','2025-06-24 11:44:51.970555','2025-06-24 11:44:51.970555'),
	 (3,'Dekorateur','2025-06-24 11:44:51.971628','2025-06-24 11:44:51.971628'),
	 (4,'Folierung','2025-06-24 11:44:51.972465','2025-06-24 11:44:51.972465');
INSERT INTO public.languages (id,name,"createdAt","updatedAt") VALUES
	 (1,'Deutsch','2025-06-24 15:49:14.338631','2025-06-24 15:49:14.338631'),
	 (2,'Englisch','2025-06-24 15:49:14.352877','2025-06-24 15:49:14.352877'),
	 (3,'Französisch','2025-06-24 15:49:14.354402','2025-06-24 15:49:14.354402'),
	 (4,'Spanisch','2025-06-24 15:49:14.355993','2025-06-24 15:49:14.355993'),
	 (5,'Italienisch','2025-06-24 15:49:14.357118','2025-06-24 15:49:14.357118'),
	 (6,'Arabisch','2025-06-24 15:49:14.358047','2025-06-24 15:49:14.358047');


INSERT INTO public.merchandiser_status (id,name) VALUES
	 (1,'Neu'),
	 (2,'Team'),
	 (3,'Out');

INSERT INTO public.user_type (id,name) VALUES
	 (1,'akzente'),
	 (2,'client'),
	 (3,'merchandiser');

	 INSERT INTO public."report-status" (id,name,"akzenteName","clientName","merchandiserName","akzenteColor","clientColor","merchandiserColor") VALUES
	 (1,'new','New','New','New','#00709B','#00709B','#00709B'),
	 (2,'assigned','New','New','Anfrage','#00709B','#00709B','#00A8E9'),
	 (3,'accepted','Plan','Plan','Plan','#CCAF08','#CCAF08','#CCAF08'),
	 (5,'in_progress','Fällig','Fällig','Fällig','#D10003','#D10003','#D10003'),
	 (6,'due','Fällig','Fällig','Fällig','#D10003','#D10003','#D10003'),
	 (9,'valid','Ok','Ok','Ok','#6FCC08','#6FCC08','#6FCC08'),
	 (4,'draft','Alles Fix','Alles Fix','Alles Fix','#08C6CC','#08C6CC','#08C6CC'),
	 (7,'finished','Prüfen','Im Prüfen','Im Prüfen','#FF8C00','#FFD166','#6FCC08'),
	 (8,'opened_by_client','Im Prüfen','Prüfen','Im Prüfen','#6FCC08','#FF8C00','#6FCC08');


INSERT INTO public."role" (id,name) VALUES
	 (2,'User'),
	 (1,'Admin'),
	 (3,'Member'),
	 (4,'Guest');


	 INSERT INTO public."user" (id,email,"password",provider,"socialId","firstName","lastName",gender,phone,"createdAt","updatedAt","deletedAt","typeId","photoId","roleId","statusId") VALUES
	 (22,'cohy@mailinator.com','$2b$10$V.RanETLqzsvgUqFHmx24Ox7rQr.gxFjYW1eWdOt/BAfnBxqOfca2','email',NULL,'Calvin','Aguirre','male'::public.user_gender_enum,'+1 (836) 502-3493','2025-07-10 13:37:08.574503','2025-07-10 13:37:08.574503',NULL,2,NULL,2,1),
	 (12,'nyluqohaq@mailinator.com','$2b$10$HjZW1ctJEnY9LMFHQNMyr.ViI9ZSipnqJtnectACNw8cUB8VyXfXu','email',NULL,'Vera','Sargent','male'::public.user_gender_enum,'+1 (229) 674-3428','2025-07-07 17:44:47.335374','2025-07-07 17:44:47.335374',NULL,2,NULL,2,1),
	 (13,'xomebif@mailinator.com','$2b$10$mx/nKqyOHaHA8Yo.i0CVjOlXm5SsaMsnlR45kkh7mnDR7BzqZ/F.G','email',NULL,'Eric','Perez','male'::public.user_gender_enum,'+1 (267) 101-7053','2025-07-07 17:46:13.928525','2025-07-07 17:46:13.928525',NULL,2,NULL,2,1),
	 (1,'admin@example.com','$2b$10$6OZb.nMNJw304D63Yvt4l.YnA7.PLuDODsQo78v/FSlbMs6A2Sj.G','email','','Super','Admin','male'::public.user_gender_enum,'+1 (856) 232-4278','2025-06-18 11:51:11.373659','2025-07-08 16:03:40.031111',NULL,1,NULL,1,1),
	 (3,'merchandiser@company.com','$2b$10$ORSkSSC/d0L/GopomZm1/uSb6vYcOkysz02LdwstFuyU0KCtiaN0i','email',NULL,'Mark','Daniel','male'::public.user_gender_enum,'+1 (429) 702-5462','2025-06-18 11:51:11.380686','2025-07-08 16:03:54.775934',NULL,3,NULL,2,1),
	 (2,'john.doe@example.com','$2b$10$blBqfGgjUoyWY3WWjBIq0es8WXo1N6LrXi7pPfYPWXPNoIAF.6l2K','email',NULL,'John','Doe','male'::public.user_gender_enum,'+1 (519) 862-7126','2025-06-18 11:51:11.379126','2025-07-08 16:19:06.535123',NULL,2,NULL,2,1),
	 (15,'bezo@mailinator.com','$2b$10$AVsHVq8dXhwtY0sDy3jCtuQ1BfKtklOfgE9jmAOl0Q7DOQa/6Nd7m','email',NULL,'Martha','Hernandez','female'::public.user_gender_enum,'+1 (712) 945-7391','2025-07-10 10:56:45.895086','2025-07-10 10:56:45.895086',NULL,1,NULL,2,1),
	 (17,'tudejux@mailinator.com','$2b$10$DIsB1t56CSucnmxEHJr11OaJyi0HAtVLZJq64czyAaK9BIXVXepH.','email',NULL,'Kennedy','Hogan','male'::public.user_gender_enum,'+1 (132) 296-7032','2025-07-10 13:01:46.970349','2025-07-10 13:01:46.970349',NULL,1,NULL,2,1),
	 (18,'pawozalu@mailinator.com','$2b$10$EDht7TOcWPWQyiTtUYULu.k7IoK7TCBu1bthUbz4pJnLPIzgmkxR6','email',NULL,'Tamekah','Webster','male'::public.user_gender_enum,'+1 (701) 488-2302','2025-07-10 13:03:38.577819','2025-07-10 13:03:38.577819',NULL,1,NULL,2,1),
	 (19,'xikofa@mailinator.com','$2b$10$oibqnjCaoGJner9Klkzm..cP/z4UtUGwZLWj/Zv2jN0ygrTFCfRdq','email',NULL,'Lunea','Shepard','female'::public.user_gender_enum,'+1 (571) 915-7787','2025-07-10 13:05:04.487212','2025-07-10 13:05:04.487212',NULL,1,NULL,2,1);
INSERT INTO public."user" (id,email,"password",provider,"socialId","firstName","lastName",gender,phone,"createdAt","updatedAt","deletedAt","typeId","photoId","roleId","statusId") VALUES
	 (20,'zunyqy@mailinator.com','$2b$10$nNHgBCDeg8aTebriHOnryON5NeQtDcDVDn0mF8/WgoBJTCk7fWUQ6','email',NULL,'Gray','Faulkner','male'::public.user_gender_enum,'+1 (167) 775-1086','2025-07-10 13:32:14.05693','2025-07-10 13:32:14.05693',NULL,1,NULL,2,1),
	 (21,'gudyb@mailinator.com','$2b$10$Xc/qe.5mJwuEmL8jYgVuNeXW74z3tqLbJ3LYB7Vlret/zXGFW2fMK','email',NULL,'Dorian','Humphrey','male'::public.user_gender_enum,'+1 (181) 853-5651','2025-07-10 13:35:17.176183','2025-07-10 13:35:17.176183',NULL,2,NULL,2,1),
	 (23,'test1@teml.net','$2b$10$lWlust.ATDQ3zz.kxeLGN.GCK8b.Zpg9tyQJkH.XbAbUVAb0Q2Su.','email',NULL,'Yael','Dillon','male'::public.user_gender_enum,'0691992825','2025-07-18 10:32:16.915619','2025-07-18 10:33:28.581196',NULL,3,NULL,2,1),
	 (11,'gawoqoxoh@mailinator.com','$2b$10$WSwFtpiULrDQEaKIJHVLuedtfvU9tbPauA9Gq.6sdD6YNglxG0gN2','email',NULL,'Rooney','Valenzuela','male'::public.user_gender_enum,'+1 (572) 716-8164','2025-06-26 11:21:21.747341','2025-08-06 12:28:08.502791',NULL,3,NULL,2,1),
	 (25,'zazafuz@mailinator.com','$2b$10$BOPt8ved1tqtIVvFHjPDvOLR5/P0P0oI47ndA4u7XB4jZLj2PqVDW','email',NULL,'Tasha','Davidson','male'::public.user_gender_enum,'+1 (371) 771-2221','2025-08-27 17:07:35.751821','2025-08-27 17:07:35.751821',NULL,1,NULL,2,1),
	 (14,'lisa@akzente.de','$2b$10$WSwFtpiULrDQEaKIJHVLuedtfvU9tbPauA9Gq.6sdD6YNglxG0gN2','email',NULL,'Lisa','Fuss','female'::public.user_gender_enum,'+1 (918) 945-3925','2025-07-07 18:05:42.482865','2025-08-27 16:51:13.330182',NULL,1,NULL,1,1),
	 (16,'lyfihawafa@woom.com','$2b$10$NhD31706jWB29nchOWRrpONRhpW1riE8b/WkhXjNGc/ADSNwMyj4G','email',NULL,'Riley','Harvey','male'::public.user_gender_enum,'+1 (487) 509-1553','2025-07-10 13:00:59.409066','2025-10-06 11:43:25.246473',NULL,2,NULL,2,1);

INSERT INTO public.answer_type (id,name) VALUES
	 (1,'text'),
	 (2,'select'),
	 (4,'boolean'),
	 (3,'multiselect');


INSERT INTO public.akzente (id,"createdAt","updatedAt",user_id) VALUES
	 (1,'2025-07-07 18:05:42.561467','2025-07-07 18:05:42.561467',14),
	 (2,'2025-07-10 10:56:46.100792','2025-07-10 10:56:46.100792',15),
	 (3,'2025-07-10 13:01:46.993989','2025-07-10 13:01:46.993989',17),
	 (4,'2025-07-10 13:03:38.601512','2025-07-10 13:03:38.601512',18),
	 (5,'2025-07-10 13:05:04.507782','2025-07-10 13:05:04.507782',19),
	 (6,'2025-07-10 13:32:14.09387','2025-07-10 13:32:14.09387',20),
	 (8,'2025-08-27 17:07:35.77446','2025-08-27 17:07:35.77446',25);


INSERT INTO public.client (id,"createdAt","updatedAt",user_id) VALUES
	 (1,'2025-07-07 17:44:47.375041','2025-07-07 17:44:47.375041',12),
	 (2,'2025-07-07 17:46:13.944007','2025-07-07 17:46:13.944007',13),
	 (3,'2025-07-10 13:00:59.779869','2025-07-10 13:00:59.779869',16),
	 (4,'2025-07-10 13:35:17.21653','2025-07-10 13:35:17.21653',21),
	 (5,'2025-07-10 13:37:08.59732','2025-07-10 13:37:08.59732',22);


INSERT INTO public.cities (id,name,coordinates,"createdAt","updatedAt","countryId") VALUES
	 (3,'Hamburg','{53.5511,9.9937}','2025-07-18 16:51:43.022389','2025-07-18 16:51:43.022389',1),
	 (4,'Munich','{48.1351,11.582}','2025-07-18 16:51:43.030473','2025-07-18 16:51:43.030473',1),
	 (5,'Cologne','{50.9375,6.9603}','2025-07-18 16:51:43.03368','2025-07-18 16:51:43.03368',1),
	 (6,'Frankfurt','{50.1109,8.6821}','2025-07-18 16:51:43.036879','2025-07-18 16:51:43.036879',1),
	 (7,'Stuttgart','{48.7758,9.1829}','2025-07-18 16:51:43.03931','2025-07-18 16:51:43.03931',1),
	 (1,'Berlin','{52.52,13.405}','2025-07-18 15:25:18.730262','2025-07-18 15:25:18.730262',1);

INSERT INTO public.contractuals (id,name,"createdAt","updatedAt") VALUES
	 (1,'Gewerbeschein','2025-07-19 11:59:49.932415','2025-07-19 11:59:49.932415'),
	 (2,'DSVGO','2025-07-19 11:59:49.942451','2025-07-19 11:59:49.942451'),
	 (3,'Clearing','2025-07-19 11:59:49.943634','2025-07-19 11:59:49.943634');



INSERT INTO public.akzente_favorite_client_companies (id,"createdAt","updatedAt",akzente_id,client_company_id) VALUES
	 (1,'2025-08-29 14:30:22.393541','2025-08-29 14:30:22.393541',1,2);

	 INSERT INTO public.merchandiser (id,birthday,website,street,zip_code,nationality,"createdAt","updatedAt",user_id,city_id,"statusId",tax_id,tax_no) VALUES
	 (2,'2025-07-02',NULL,'','83988',NULL,'2025-07-18 10:32:16.930149','2025-07-18 10:33:28.607106',23,1,1,'',NULL),
	 (1,'2025-06-03','https://google.com','Hauptstr. 42','68897','Marokanish','2025-06-26 11:21:21.774545','2025-08-06 12:57:58.556817',11,3,1,'DE123456789','123/207/50234');


INSERT INTO public.akzente_favorite_merchandisers (id,"createdAt","updatedAt",akzente_id,merchandiser_id) VALUES
	 (1,'2025-08-29 14:44:30.582406','2025-08-29 14:44:30.582406',1,2);

	 INSERT INTO public.client_company_assigned_akzente (id,"createdAt","updatedAt",akzente_id,client_company_id) VALUES
	 (16,'2025-07-10 12:33:27.599','2025-07-10 12:33:27.599',2,1),
	 (18,'2025-07-10 13:01:47.098','2025-07-10 13:01:47.098',3,3),
	 (20,'2025-07-10 13:03:38.724','2025-07-10 13:03:38.724',4,3),
	 (22,'2025-07-10 13:05:04.627','2025-07-10 13:05:04.627',5,3),
	 (24,'2025-08-27 16:51:13.357404','2025-08-27 16:51:13.357404',1,3),
	 (25,'2025-08-27 16:51:13.359848','2025-08-27 16:51:13.359848',1,4),
	 (26,'2025-08-27 16:51:13.363925','2025-08-27 16:51:13.363925',1,1),
	 (28,'2025-08-27 17:07:35.825592','2025-08-27 17:07:35.825592',8,4),
	 (29,'2025-08-27 17:07:35.926698','2025-08-27 17:07:35.926698',8,3),
	 (30,'2025-10-08 16:33:21.714447','2025-10-08 16:33:21.714447',1,2);





INSERT INTO public.client_company_assigned_akzente (id,"createdAt","updatedAt",akzente_id,client_company_id) VALUES
	 (31,'2025-10-08 16:33:21.723929','2025-10-08 16:33:21.723929',8,2),
	 (32,'2025-10-08 16:33:21.731518','2025-10-08 16:33:21.731518',6,2);
INSERT INTO public.client_company_assigned_client (id,"createdAt","updatedAt",client_id,client_company_id) VALUES
	 (17,'2025-07-10 13:35:17.24','2025-07-10 13:35:17.24',4,3),
	 (52,'2025-08-07 12:13:24.765','2025-08-07 12:13:24.765',1,3),
	 (3,'2025-08-26 11:10:16.799365','2025-08-26 11:10:16.799365',1,4),
	 (54,'2025-08-27 16:51:30.400588','2025-08-27 16:51:30.400588',2,3),
	 (55,'2025-08-27 16:51:30.403939','2025-08-27 16:51:30.403939',2,4),
	 (56,'2025-08-27 16:51:30.408349','2025-08-27 16:51:30.408349',2,1),
	 (57,'2025-10-08 16:33:21.665571','2025-10-08 16:33:21.665571',1,2),
	 (58,'2025-10-08 16:33:21.685641','2025-10-08 16:33:21.685641',2,2),
	 (59,'2025-10-08 16:33:21.695247','2025-10-08 16:33:21.695247',3,2);


INSERT INTO public.branche (id,name,"createdAt","updatedAt",client_id,phone,city_id,street,"zipCode") VALUES
	 (3,'Filiale 2','2025-07-29 16:09:09.170027','2025-07-29 16:09:09.170027',2,'0971/123456',4,NULL,NULL),
	 (1,'Galeria','2025-07-28 14:12:20.575595','2025-09-23 11:39:22.860228',2,'0971/123477',4,'Musterstraße 22','12366'),
	 (4,'Galeria','2025-09-23 11:41:37.81169','2025-09-23 11:41:37.81169',2,'0971/123456',4,'Musterstraße 1','12345'),
	 (5,'Galeria','2025-09-23 11:41:37.875316','2025-09-23 11:41:37.875316',2,'0971/123457',4,'Musterstraße 2','12346'),
	 (6,'Galeria','2025-09-23 11:41:37.912956','2025-09-23 11:41:37.912956',2,'0971/123458',4,'Musterstraße 3','12347'),
	 (7,'Galeria','2025-09-23 11:41:37.945345','2025-09-23 11:41:37.945345',2,'0971/123459',4,'Musterstraße 4','12348'),
	 (8,'Galeria','2025-09-23 11:41:37.972768','2025-09-23 11:41:37.972768',2,'0971/123460',4,'Musterstraße 5','12349'),
	 (9,'Galeria','2025-09-23 11:41:38.004609','2025-09-23 11:41:38.004609',2,'0971/123461',4,'Musterstraße 6','12350'),
	 (10,'Galeria','2025-09-23 11:41:38.034347','2025-09-23 11:41:38.034347',2,'0971/123462',4,'Musterstraße 7','12351'),
	 (11,'Galeria','2025-09-23 11:41:38.068637','2025-09-23 11:41:38.068637',2,'0971/123463',4,'Musterstraße 8','12352');
INSERT INTO public.branche (id,name,"createdAt","updatedAt",client_id,phone,city_id,street,"zipCode") VALUES
	 (12,'Galeria','2025-09-23 11:41:38.10867','2025-09-23 11:41:38.10867',2,'0971/123464',4,'Musterstraße 9','12353'),
	 (13,'Galeria','2025-09-23 11:41:38.137698','2025-09-23 11:41:38.137698',2,'0971/123465',4,'Musterstraße 10','12354'),
	 (14,'Galeria','2025-09-23 11:41:38.171103','2025-09-23 11:41:38.171103',2,'0971/123466',4,'Musterstraße 11','12355'),
	 (15,'Galeria','2025-09-23 11:41:38.202837','2025-09-23 11:41:38.202837',2,'0971/123467',4,'Musterstraße 12','12356'),
	 (16,'Galeria','2025-09-23 11:41:38.245574','2025-09-23 11:41:38.245574',2,'0971/123468',4,'Musterstraße 13','12357'),
	 (17,'Galeria','2025-09-23 11:41:38.295765','2025-09-23 11:41:38.295765',2,'0971/123469',4,'Musterstraße 14','12358'),
	 (18,'Galeria','2025-09-23 11:41:38.349556','2025-09-23 11:41:38.349556',2,'0971/123470',4,'Musterstraße 15','12359'),
	 (19,'Galeria','2025-09-23 11:41:38.401642','2025-09-23 11:41:38.401642',2,'0971/123471',4,'Musterstraße 16','12360'),
	 (20,'Galeria','2025-09-23 11:41:38.44597','2025-09-23 11:41:38.44597',2,'0971/123472',4,'Musterstraße 17','12361'),
	 (21,'Galeria','2025-09-23 11:41:38.49238','2025-09-23 11:41:38.49238',2,'0971/123473',4,'Musterstraße 18','12362');
INSERT INTO public.branche (id,name,"createdAt","updatedAt",client_id,phone,city_id,street,"zipCode") VALUES
	 (22,'Galeria','2025-09-23 11:41:38.540664','2025-09-23 11:41:38.540664',2,'0971/123474',4,'Musterstraße 19','12363'),
	 (23,'Galeria','2025-09-23 11:41:38.59314','2025-09-23 11:41:38.59314',2,'0971/123475',4,'Musterstraße 20','12364'),
	 (24,'Galeria','2025-09-23 11:41:38.63797','2025-09-23 11:41:38.63797',2,'0971/123476',4,'Musterstraße 21','12365'),
	 (25,'Galeria','2025-09-23 11:41:38.686791','2025-09-23 11:41:38.686791',2,'0971/123477',4,'Musterstraße 22','12366');


	 INSERT INTO public.project (id,name,start_date,end_date,"createdAt","updatedAt",client_company_id) VALUES
	 (28,'Summer','2025-08-01','2025-08-22','2025-08-02 11:20:14.461481','2025-08-02 11:20:14.461481',2),
	 (31,'Sale','2025-08-01','2025-08-15','2025-08-28 10:25:10.049688','2025-08-28 10:25:10.049688',2);


INSERT INTO public.akzente_favorite_projects (id,"createdAt","updatedAt",akzente_id,project_id) VALUES
	 (1,'2025-08-29 14:34:41.303376','2025-08-29 14:34:41.303376',1,28);



	INSERT INTO public.report (id,planned_on,note,report_to,feedback,is_spec_compliant,"createdAt","updatedAt",project_id,status_id,client_company_id,merchandiser_id,branche_id,street,zip_code) VALUES
	 (48,'2026-03-25','Start ab 8 Uhr','2026-05-24','true',false,'2025-08-07 11:55:08.737099','2025-08-07 11:55:08.737099',28,1,2,1,1,'Musterstraße 2','12346'),
	 (49,'2027-03-26','Start ab 8 Uhr','2027-05-24','true',false,'2025-08-07 11:55:08.765237','2025-08-07 11:55:08.765237',28,2,2,1,1,'Musterstraße 3','12347'),
	 (24,'2025-08-04','Start ab 8 Uhr','2025-05-24','true',false,'2025-08-02 11:44:18.218118','2025-08-04 15:43:29.530211',28,3,2,1,1,'Musterstraße 1','12345'),
	 (113,'2025-03-24','Start ab 8 Uhr','2025-05-24','true',false,'2025-09-23 11:41:37.859385','2025-09-23 11:41:37.859385',28,4,2,1,4,'Musterstraße 1','12345'),
	 (114,'2026-03-25','Start ab 8 Uhr','2026-05-24','true',false,'2025-09-23 11:41:37.901579','2025-09-23 11:41:37.901579',28,5,2,1,5,'Musterstraße 2','12346'),
	 (115,'2027-03-26','Start ab 8 Uhr','2027-05-24','true',false,'2025-09-23 11:41:37.936877','2025-09-23 11:41:37.936877',28,6,2,1,6,'Musterstraße 3','12347'),
	 (116,'2026-03-24','Start ab 8 Uhr','2028-05-24','false',true,'2025-09-23 11:41:37.965144','2025-09-23 11:41:37.965144',28,7,2,1,7,'Musterstraße 4','12348'),
	 (117,'2027-03-25','Start ab 8 Uhr','2029-05-24','false',true,'2025-09-23 11:41:37.995777','2025-09-23 11:41:37.995777',28,8,2,1,8,'Musterstraße 5','12349'),
	 (118,'2028-03-26','Start ab 8 Uhr','2030-05-24','false',true,'2025-09-23 11:41:38.026371','2025-09-23 11:41:38.026371',28,9,2,1,9,'Musterstraße 6','12350'),
	 (47,'2025-03-24','Start ab 8 Uhr','2025-05-24','true',false,'2025-08-07 11:55:08.691849','2025-08-07 11:55:08.691849',28,4,2,1,1,'Musterstraße 1','12345');
INSERT INTO public.report (id,planned_on,note,report_to,feedback,is_spec_compliant,"createdAt","updatedAt",project_id,status_id,client_company_id,merchandiser_id,branche_id,street,zip_code) VALUES
	 (50,'2026-03-24','Start ab 8 Uhr','2028-05-24','false',true,'2025-08-07 11:55:08.797718','2025-08-07 11:55:08.797718',28,4,2,1,1,'Musterstraße 4','12348'),
	 (119,'2027-03-24','Start ab 8 Uhr','2031-05-24','true',true,'2025-09-23 11:41:38.055563','2025-09-23 11:41:38.055563',28,1,2,1,10,'Musterstraße 7','12351'),
	 (120,'2028-03-25','Start ab 8 Uhr','2032-05-24','true',true,'2025-09-23 11:41:38.098173','2025-09-23 11:41:38.098173',28,1,2,1,11,'Musterstraße 8','12352'),
	 (121,'2029-03-26','Start ab 8 Uhr','2033-05-24','true',true,'2025-09-23 11:41:38.128277','2025-09-23 11:41:38.128277',28,1,2,1,12,'Musterstraße 9','12353'),
	 (122,'2028-03-24','Start ab 8 Uhr','2034-05-24','true',true,'2025-09-23 11:41:38.162714','2025-09-23 11:41:38.162714',28,1,2,1,13,'Musterstraße 10','12354'),
	 (123,'2029-03-25','Start ab 8 Uhr','2035-05-24','false',true,'2025-09-23 11:41:38.190688','2025-09-23 11:41:38.190688',28,1,2,1,14,'Musterstraße 11','12355'),
	 (124,'2030-03-26','Start ab 8 Uhr','2036-05-24','false',true,'2025-09-23 11:41:38.230382','2025-09-23 11:41:38.230382',28,1,2,1,15,'Musterstraße 12','12356'),
	 (125,'2029-03-24','Start ab 8 Uhr','2037-05-24','false',true,'2025-09-23 11:41:38.282343','2025-09-23 11:41:38.282343',28,1,2,1,16,'Musterstraße 13','12357'),
	 (126,'2030-03-25','Start ab 8 Uhr','2038-05-24','true',false,'2025-09-23 11:41:38.332553','2025-09-23 11:41:38.332553',28,1,2,1,17,'Musterstraße 14','12358'),
	 (127,'2031-03-26','Start ab 8 Uhr','2039-05-24','true',true,'2025-09-23 11:41:38.388049','2025-09-23 11:41:38.388049',28,1,2,1,18,'Musterstraße 15','12359');
INSERT INTO public.report (id,planned_on,note,report_to,feedback,is_spec_compliant,"createdAt","updatedAt",project_id,status_id,client_company_id,merchandiser_id,branche_id,street,zip_code) VALUES
	 (128,'2030-03-24','Start ab 8 Uhr','2040-05-24','false',true,'2025-09-23 11:41:38.434148','2025-09-23 11:41:38.434148',28,1,2,1,19,'Musterstraße 16','12360'),
	 (129,'2031-03-25','Start ab 8 Uhr','2041-05-24','false',true,'2025-09-23 11:41:38.480741','2025-09-23 11:41:38.480741',28,1,2,1,20,'Musterstraße 17','12361'),
	 (130,'2032-03-26','Start ab 8 Uhr','2042-05-24','false',true,'2025-09-23 11:41:38.52726','2025-09-23 11:41:38.52726',28,1,2,1,21,'Musterstraße 18','12362'),
	 (131,'2031-03-24','Start ab 8 Uhr','2043-05-24','true',false,'2025-09-23 11:41:38.578099','2025-09-23 11:41:38.578099',28,1,2,1,22,'Musterstraße 19','12363'),
	 (132,'2032-03-25','Start ab 8 Uhr','2044-05-24','true',false,'2025-09-23 11:41:38.624294','2025-09-23 11:41:38.624294',28,1,2,1,23,'Musterstraße 20','12364'),
	 (133,'2033-03-26','Start ab 8 Uhr','2045-05-24','true',false,'2025-09-23 11:41:38.674165','2025-09-23 11:41:38.674165',28,1,2,1,24,'Musterstraße 21','12365'),
	 (134,'2032-03-24','Start ab 8 Uhr','2046-05-24','true',false,'2025-09-23 11:41:38.722074','2025-09-23 11:41:38.722074',28,1,2,1,25,'Musterstraße 22','12366');


INSERT INTO public.akzente_favorite_reports (id,"createdAt","updatedAt",akzente_id,report_id) VALUES
	 (7,'2025-09-29 12:55:18.611656','2025-09-29 12:55:18.611656',1,24),
	 (9,'2025-10-07 15:25:15.060077','2025-10-07 15:25:15.060077',1,48);

INSERT INTO public.question (id,question_text,is_required,is_visible_to_client,"createdAt","updatedAt",project_id,answer_type_id) VALUES
	 (51,'a text question',true,true,'2025-08-02 11:20:14.481','2025-08-02 11:20:14.481',28,1),
	 (52,'a multiselect question',true,true,'2025-08-02 11:20:14.493','2025-08-02 11:20:14.493',28,3),
	 (53,'a select question',true,true,'2025-08-02 11:20:14.523','2025-08-02 11:20:14.523',28,2),
	 (54,'a boolean question',true,true,'2025-08-02 11:20:14.559','2025-08-02 11:20:14.559',28,4),
	 (57,'',false,false,'2025-08-28 10:25:10.083','2025-08-28 10:25:10.083',31,1);

INSERT INTO public.answer (id,text_answer,"createdAt","updatedAt",question_id,selected_option,report_id) VALUES
	 (294,'Something as an answer','2025-08-07 16:30:26.924','2025-08-07 16:30:26.924',51,NULL,24),
	 (295,NULL,'2025-08-07 16:30:27.107','2025-08-07 16:30:27.107',52,34,24),
	 (296,NULL,'2025-08-07 16:30:27.358','2025-08-07 16:30:27.358',52,35,24),
	 (297,NULL,'2025-08-07 16:30:27.728','2025-08-07 16:30:27.728',52,36,24),
	 (298,NULL,'2025-08-07 16:30:28.2','2025-08-07 16:30:28.2',53,37,24),
	 (299,'false','2025-08-07 16:30:28.782','2025-08-07 16:30:28.782',54,NULL,24);








INSERT INTO public.client_favorite_projects (id,"createdAt","updatedAt",client_id,project_id) VALUES
	 (8,'2025-09-24 10:48:26.34437','2025-09-24 10:48:26.34437',3,28);
INSERT INTO public.client_favorite_reports (id,"createdAt","updatedAt",client_id,report_id) VALUES
	 (10,'2025-09-23 14:39:17.711956','2025-09-23 14:39:17.711956',3,48),
	 (11,'2025-09-23 14:39:19.101391','2025-09-23 14:39:19.101391',3,49),
	 (20,'2025-10-07 15:39:14.379626','2025-10-07 15:39:14.379626',3,24);

INSERT INTO public.conversation (id,"createdAt","updatedAt",report_id) VALUES
	 (90,'2025-09-23 11:41:37.862788','2025-09-23 11:41:37.862788',113),
	 (91,'2025-09-23 11:41:37.903483','2025-09-23 11:41:37.903483',114),
	 (92,'2025-09-23 11:41:37.938539','2025-09-23 11:41:37.938539',115),
	 (93,'2025-09-23 11:41:37.967184','2025-09-23 11:41:37.967184',116),
	 (94,'2025-09-23 11:41:37.997781','2025-09-23 11:41:37.997781',117),
	 (95,'2025-09-23 11:41:38.028182','2025-09-23 11:41:38.028182',118),
	 (96,'2025-09-23 11:41:38.05891','2025-09-23 11:41:38.05891',119),
	 (97,'2025-09-23 11:41:38.099888','2025-09-23 11:41:38.099888',120),
	 (98,'2025-09-23 11:41:38.130452','2025-09-23 11:41:38.130452',121),
	 (99,'2025-09-23 11:41:38.165297','2025-09-23 11:41:38.165297',122);
INSERT INTO public.conversation (id,"createdAt","updatedAt",report_id) VALUES
	 (100,'2025-09-23 11:41:38.192809','2025-09-23 11:41:38.192809',123),
	 (101,'2025-09-23 11:41:38.233631','2025-09-23 11:41:38.233631',124),
	 (102,'2025-09-23 11:41:38.28497','2025-09-23 11:41:38.28497',125),
	 (103,'2025-09-23 11:41:38.335912','2025-09-23 11:41:38.335912',126),
	 (104,'2025-09-23 11:41:38.391384','2025-09-23 11:41:38.391384',127),
	 (105,'2025-09-23 11:41:38.436779','2025-09-23 11:41:38.436779',128),
	 (106,'2025-09-23 11:41:38.483489','2025-09-23 11:41:38.483489',129),
	 (107,'2025-09-23 11:41:38.529411','2025-09-23 11:41:38.529411',130),
	 (108,'2025-09-23 11:41:38.582512','2025-09-23 11:41:38.582512',131),
	 (109,'2025-09-23 11:41:38.627175','2025-09-23 11:41:38.627175',132);
INSERT INTO public.conversation (id,"createdAt","updatedAt",report_id) VALUES
	 (110,'2025-09-23 11:41:38.676781','2025-09-23 11:41:38.676781',133),
	 (111,'2025-09-23 11:41:38.724934','2025-09-23 11:41:38.724934',134),
	 (112,'2025-09-23 16:18:33.96165','2025-09-23 16:18:33.96165',24);




INSERT INTO public.merchandiser_contractuals (merchandiser_id,contractual_id) VALUES
	 (1,1),
	 (1,2);
INSERT INTO public.merchandiser_education (id,company,activity,"createdAt","updatedAt",merchandiser_id,"graduationDate") VALUES
	 (85,'Duis sint fuga Dolo','Dolores sed qui modi','2025-10-07 15:41:28.257','2025-10-07 15:41:28.257',1,'2025-06-06'),
	 (86,'OFPPT','IT Developer','2025-10-07 15:41:28.26','2025-10-07 15:41:28.26',1,'2025-08-20');
INSERT INTO public.merchandiser_favorite_client_company (id,"createdAt","updatedAt",merchandiser_id,client_company_id) VALUES
	 (2,'2025-10-01 16:04:46.284123','2025-10-01 16:04:46.284123',1,2);
INSERT INTO public.merchandiser_favorite_projects (id,"createdAt","updatedAt",merchandiser_id,project_id) VALUES
	 (2,'2025-10-01 17:20:14.206693','2025-10-01 17:20:14.206693',1,28);
INSERT INTO public.merchandiser_favorite_reports (id,"createdAt","updatedAt",report_id,merchandiser_id) VALUES
	 (1,'2025-10-01 15:52:41.461','2025-10-01 15:52:41.461',24,1),
	 (2,'2025-10-01 16:09:23.492','2025-10-01 16:09:23.492',133,1);
INSERT INTO public.merchandiser_files (id,"type","createdAt","updatedAt",merchandiser_id,file_id) VALUES
	 (26,'full_body_shot'::public.merchandiser_files_type_enum,'2025-06-30 18:00:14.021','2025-06-30 18:00:14.021',1,'1893ca01-23aa-4ba0-99d3-db4a6e982d59'::uuid),
	 (27,'resume'::public.merchandiser_files_type_enum,'2025-06-30 18:00:14.143','2025-06-30 18:00:14.143',1,'cb05257b-bf57-4301-ba66-5b87985eeda9'::uuid),
	 (55,'portrait'::public.merchandiser_files_type_enum,'2025-07-01 11:54:21.496','2025-07-01 11:54:21.496',1,'1af021cf-f230-4123-aa08-05bcb72f36c6'::uuid),
	 (56,'additional_attachments'::public.merchandiser_files_type_enum,'2025-07-01 11:54:25.024','2025-07-01 11:54:25.024',1,'f213252e-f603-43d0-97d7-32aa63f50f96'::uuid);
INSERT INTO public.merchandiser_job_types (id,"comment",merchandiser_id,job_type_id) VALUES
	 (4,NULL,2,1),
	 (5,NULL,2,3),
	 (6,NULL,2,4);
INSERT INTO public.merchandiser_languages (id,"level","createdAt","updatedAt",merchandiser_id,languages_id) VALUES
	 (290,'basic'::public.merchandiser_languages_level_enum,'2025-10-07 15:41:28.231','2025-10-07 15:41:28.231',1,1),
	 (291,'intermediate'::public.merchandiser_languages_level_enum,'2025-10-07 15:41:28.235','2025-10-07 15:41:28.235',1,2),
	 (292,'native'::public.merchandiser_languages_level_enum,'2025-10-07 15:41:28.237','2025-10-07 15:41:28.237',1,6);
INSERT INTO public.merchandiser_references (id,company,activity,branche,start_date,end_date,"createdAt","updatedAt",merchandiser_id) VALUES
	 (86,'Delectus consequatu','Quaerat minim explic','Est nulla velit vel ','1991-04-20','2019-10-14','2025-10-07 15:41:28.25','2025-10-07 15:41:28.25',1),
	 (87,'Voluptatem aperiam o','Rem culpa laudantium','Possimus qui minima','1987-09-11','2022-08-10','2025-10-07 15:41:28.252','2025-10-07 15:41:28.252',1),
	 (88,'Id ad sunt quos in ','Molestias et amet n','Do qui enim providen','2010-06-26','2015-04-14','2025-10-07 15:41:28.254','2025-10-07 15:41:28.254',1);
INSERT INTO public.merchandiser_review (id,rating,review,"createdAt","updatedAt",akzente_id,merchandiser_id) VALUES
	 (4,5,'Good job','2025-07-18 09:47:49.67408','2025-07-18 09:47:49.67408',1,1);

INSERT INTO public.message (id,"content",seen,receiver_type,"createdAt","updatedAt",conversation_id,sender_id,receiver_id) VALUES
	 (32,'Hi',false,'client'::public.message_receiver_type_enum,'2025-09-23 16:18:49.886152','2025-09-23 16:18:49.886152',112,14,12),
	 (33,'Hello',false,'merchandiser'::public.message_receiver_type_enum,'2025-09-23 16:18:53.270924','2025-09-23 16:18:53.270924',112,14,11),
	 (34,'Hello',false,'akzente'::public.message_receiver_type_enum,'2025-09-23 16:19:08.775133','2025-09-23 16:19:08.775133',112,16,1),
	 (35,'hi',false,'akzente'::public.message_receiver_type_enum,'2025-10-01 14:35:42.686729','2025-10-01 14:35:42.686729',112,16,1),
	 (36,'Hi',false,'merchandiser'::public.message_receiver_type_enum,'2025-10-01 15:07:29.191539','2025-10-01 15:07:29.191539',112,14,11),
	 (37,'aa',false,'akzente'::public.message_receiver_type_enum,'2025-10-01 15:22:00.967529','2025-10-01 15:22:00.967529',112,16,1),
	 (38,'Hi',false,'akzente'::public.message_receiver_type_enum,'2025-10-01 15:27:23.172783','2025-10-01 15:27:23.172783',112,11,1),
	 (39,'hi',false,'client'::public.message_receiver_type_enum,'2025-10-04 11:11:26.592985','2025-10-04 11:11:26.592985',112,14,12),
	 (40,'hello rooney',false,'merchandiser'::public.message_receiver_type_enum,'2025-10-04 11:11:54.548805','2025-10-04 11:11:54.548805',112,14,11),
	 (41,'hi',false,'akzente'::public.message_receiver_type_enum,'2025-10-04 11:12:02.470516','2025-10-04 11:12:02.470516',112,11,1);
INSERT INTO public.message (id,"content",seen,receiver_type,"createdAt","updatedAt",conversation_id,sender_id,receiver_id) VALUES
	 (42,'hi',false,'akzente'::public.message_receiver_type_enum,'2025-10-04 11:12:28.684812','2025-10-04 11:12:28.684812',112,11,1),
	 (43,'hello',false,'akzente'::public.message_receiver_type_enum,'2025-10-04 11:18:33.769246','2025-10-04 11:18:33.769246',112,11,1),
	 (44,'hi',false,'merchandiser'::public.message_receiver_type_enum,'2025-10-04 11:18:48.006963','2025-10-04 11:18:48.006963',112,14,11),
	 (45,'hi',false,'akzente'::public.message_receiver_type_enum,'2025-10-04 11:27:48.358059','2025-10-04 11:27:48.358059',112,11,1),
	 (46,'hello',false,'merchandiser'::public.message_receiver_type_enum,'2025-10-04 11:33:37.343903','2025-10-04 11:33:37.343903',112,14,11),
	 (47,'hi',false,'merchandiser'::public.message_receiver_type_enum,'2025-10-04 11:59:53.337694','2025-10-04 11:59:53.337694',112,14,11),
	 (48,'hi',false,'akzente'::public.message_receiver_type_enum,'2025-10-04 12:00:02.679349','2025-10-04 12:00:02.679349',112,11,1),
	 (49,'hello',false,'merchandiser'::public.message_receiver_type_enum,'2025-10-04 12:00:13.583576','2025-10-04 12:00:13.583576',112,14,11),
	 (50,'hi',false,'akzente'::public.message_receiver_type_enum,'2025-10-04 12:02:42.567121','2025-10-04 12:02:42.567121',112,11,1),
	 (51,'hi',false,'merchandiser'::public.message_receiver_type_enum,'2025-10-04 12:07:03.876891','2025-10-04 12:07:03.876891',112,14,11);
INSERT INTO public.message (id,"content",seen,receiver_type,"createdAt","updatedAt",conversation_id,sender_id,receiver_id) VALUES
	 (52,'hi',false,'akzente'::public.message_receiver_type_enum,'2025-10-04 12:09:22.914858','2025-10-04 12:09:22.914858',112,11,1),
	 (53,'hi',false,'merchandiser'::public.message_receiver_type_enum,'2025-10-04 12:12:07.635376','2025-10-04 12:12:07.635376',112,14,11),
	 (54,'hi',false,'akzente'::public.message_receiver_type_enum,'2025-10-04 12:12:17.211322','2025-10-04 12:12:17.211322',112,11,1),
	 (55,'hi',false,'merchandiser'::public.message_receiver_type_enum,'2025-10-04 12:19:34.342289','2025-10-04 12:19:34.342289',112,14,11),
	 (56,'hi',false,'merchandiser'::public.message_receiver_type_enum,'2025-10-04 12:19:46.047868','2025-10-04 12:19:46.047868',112,14,11),
	 (57,'Hello akzente',false,'akzente'::public.message_receiver_type_enum,'2025-10-04 12:28:28.869613','2025-10-04 12:28:28.869613',112,11,1),
	 (58,'hi',false,'merchandiser'::public.message_receiver_type_enum,'2025-10-04 12:33:28.452203','2025-10-04 12:33:28.452203',112,14,11),
	 (59,'hi',false,'akzente'::public.message_receiver_type_enum,'2025-10-04 12:33:40.580257','2025-10-04 12:33:40.580257',112,11,1),
	 (60,'hi',false,'merchandiser'::public.message_receiver_type_enum,'2025-10-04 12:39:01.854726','2025-10-04 12:39:01.854726',112,14,11),
	 (61,'hello',false,'akzente'::public.message_receiver_type_enum,'2025-10-04 12:39:14.430936','2025-10-04 12:39:14.430936',112,11,1);
INSERT INTO public.message (id,"content",seen,receiver_type,"createdAt","updatedAt",conversation_id,sender_id,receiver_id) VALUES
	 (62,'hi',false,'merchandiser'::public.message_receiver_type_enum,'2025-10-04 12:46:06.534023','2025-10-04 12:46:06.534023',112,14,11),
	 (63,'hi',false,'akzente'::public.message_receiver_type_enum,'2025-10-04 12:54:16.67581','2025-10-04 12:54:16.67581',112,11,1),
	 (64,'hello',false,'merchandiser'::public.message_receiver_type_enum,'2025-10-04 12:54:27.639215','2025-10-04 12:54:27.639215',112,14,11),
	 (65,'hi',false,'akzente'::public.message_receiver_type_enum,'2025-10-04 13:00:41.411321','2025-10-04 13:00:41.411321',112,11,1),
	 (66,'hi',false,'merchandiser'::public.message_receiver_type_enum,'2025-10-06 11:12:35.152655','2025-10-06 11:12:35.152655',112,14,11),
	 (67,'hello akzente',false,'akzente'::public.message_receiver_type_enum,'2025-10-06 11:18:12.995463','2025-10-06 11:18:12.995463',112,16,1),
	 (68,'Hello client',false,'client'::public.message_receiver_type_enum,'2025-10-06 11:18:49.250785','2025-10-06 11:18:49.250785',112,14,12),
	 (69,'hi',false,'client'::public.message_receiver_type_enum,'2025-10-07 15:27:00.755096','2025-10-07 15:27:00.755096',112,14,12);
INSERT INTO public.notification (id,message,seen,link,"createdAt","updatedAt","deletedAt","userId") VALUES
	 (2,'Am 01,10.2024 hat Herr Müller einen Kommentar zum Finsatz SOMMER KW 30 / 01.05. - 31.05.2024 eingegeben.',true,'/clients/Luxottica/projects/1/edit-report/1','2025-06-24 14:49:26.089932','2025-06-24 15:05:28.544951',NULL,3),
	 (1,'Am 01,10.2024 hat Frau Fuss einen Kommentar zum Finsatz SOMMER KW 30 / 01.05. - 31.05.2024 eingegeben.',true,'/clients/Luxottica/projects/1/edit-report/1','2025-06-24 14:49:26.074561','2025-06-24 15:05:29.392245',NULL,3),
	 (3,'Am 01,10.2024 hat Herr Schmidt einen Kommentar zum Finsatz SOMMER KW 30 / 01.05. - 31.05.2024 eingegeben.',false,'/clients/Luxottica/projects/1/edit-report/1','2025-06-24 14:49:26.091391','2025-06-24 15:04:28.315296',NULL,3);
INSERT INTO public.photo (id,is_before_after,"order","createdAt","updatedAt",project_id,is_visible) VALUES
	 (28,true,0,'2025-08-02 11:20:14.469123','2025-08-02 11:20:14.469123',28,true),
	 (31,false,0,'2025-08-28 10:25:10.065461','2025-08-28 10:25:10.065461',31,true);

INSERT INTO public.project_assigned_akzente (id,"createdAt","updatedAt",akzente_id,project_id) VALUES
	 (1,'2025-08-28 10:25:10.134298','2025-08-28 10:25:10.134298',1,31),
	 (2,'2025-08-28 10:25:10.145135','2025-08-28 10:25:10.145135',8,31);
INSERT INTO public.project_assigned_client (id,"createdAt","updatedAt",client_id,project_id) VALUES
	 (2,'2025-08-28 10:25:10.10544','2025-08-28 10:25:10.10544',2,31),
	 (3,'2025-08-28 10:25:10.117801','2025-08-28 10:25:10.117801',3,28);
INSERT INTO public.project_branch (id,"createdAt","updatedAt",project_id,branche_id) VALUES
	 (1,'2025-09-23 11:41:37.829169','2025-09-23 11:41:37.829169',28,4),
	 (2,'2025-09-23 11:41:37.880491','2025-09-23 11:41:37.880491',28,5),
	 (3,'2025-09-23 11:41:37.918763','2025-09-23 11:41:37.918763',28,6),
	 (4,'2025-09-23 11:41:37.949897','2025-09-23 11:41:37.949897',28,7),
	 (5,'2025-09-23 11:41:37.978416','2025-09-23 11:41:37.978416',28,8),
	 (6,'2025-09-23 11:41:38.009856','2025-09-23 11:41:38.009856',28,9),
	 (7,'2025-09-23 11:41:38.038755','2025-09-23 11:41:38.038755',28,10),
	 (8,'2025-09-23 11:41:38.079101','2025-09-23 11:41:38.079101',28,11),
	 (9,'2025-09-23 11:41:38.112938','2025-09-23 11:41:38.112938',28,12),
	 (10,'2025-09-23 11:41:38.142794','2025-09-23 11:41:38.142794',28,13);
INSERT INTO public.project_branch (id,"createdAt","updatedAt",project_id,branche_id) VALUES
	 (11,'2025-09-23 11:41:38.174825','2025-09-23 11:41:38.174825',28,14),
	 (12,'2025-09-23 11:41:38.208133','2025-09-23 11:41:38.208133',28,15),
	 (13,'2025-09-23 11:41:38.253391','2025-09-23 11:41:38.253391',28,16),
	 (14,'2025-09-23 11:41:38.30374','2025-09-23 11:41:38.30374',28,17),
	 (15,'2025-09-23 11:41:38.359245','2025-09-23 11:41:38.359245',28,18),
	 (16,'2025-09-23 11:41:38.40836','2025-09-23 11:41:38.40836',28,19),
	 (17,'2025-09-23 11:41:38.454011','2025-09-23 11:41:38.454011',28,20),
	 (18,'2025-09-23 11:41:38.501423','2025-09-23 11:41:38.501423',28,21),
	 (19,'2025-09-23 11:41:38.549265','2025-09-23 11:41:38.549265',28,22),
	 (20,'2025-09-23 11:41:38.599485','2025-09-23 11:41:38.599485',28,23);
INSERT INTO public.project_branch (id,"createdAt","updatedAt",project_id,branche_id) VALUES
	 (21,'2025-09-23 11:41:38.645175','2025-09-23 11:41:38.645175',28,24),
	 (22,'2025-09-23 11:41:38.694762','2025-09-23 11:41:38.694762',28,25);

INSERT INTO public.question_option (id,option_text,"order","createdAt","updatedAt",question_id) VALUES
	 (34,'moption 1',0,'2025-08-02 11:20:14.501','2025-08-02 11:20:14.501',52),
	 (35,'moption 2',1,'2025-08-02 11:20:14.511','2025-08-02 11:20:14.511',52),
	 (36,'moption 3',2,'2025-08-02 11:20:14.516','2025-08-02 11:20:14.516',52),
	 (37,'option 1',0,'2025-08-02 11:20:14.535','2025-08-02 11:20:14.535',53),
	 (38,'option 2',1,'2025-08-02 11:20:14.541','2025-08-02 11:20:14.541',53),
	 (39,'option 3',2,'2025-08-02 11:20:14.547','2025-08-02 11:20:14.547',53),
	 (40,'option 4',3,'2025-08-02 11:20:14.552','2025-08-02 11:20:14.552',53);


INSERT INTO public.specializations (id,name,"createdAt","updatedAt",job_types_id) VALUES
	 (1,'Groß','2025-06-24 15:53:52.159698','2025-06-24 15:53:52.159698',4),
	 (2,'Medium','2025-06-24 15:53:52.165083','2025-06-24 15:53:52.165083',4),
	 (3,'Klein','2025-06-24 15:53:52.166122','2025-06-24 15:53:52.166122',4),
	 (4,'Schaufenster Dekoration','2025-06-24 15:53:52.166961','2025-06-24 15:53:52.166961',3),
	 (5,'Sehr gute handwerkliche Fähigkeiten','2025-06-24 15:53:52.167741','2025-06-24 15:53:52.167741',3),
	 (6,'Aufsteller und Banner Installation','2025-06-24 15:53:52.16852','2025-06-24 15:53:52.16852',3);
INSERT INTO public.advanced_photo (id,"createdAt","updatedAt",project_id,is_before_after,is_visible,labels) VALUES
	 (28,'2025-08-02 11:20:14.474095','2025-08-02 11:20:14.474095',28,true,true,'{"Label 1","Label 2","Label 3"}'),
	 (40,'2025-08-28 10:25:10.074829','2025-08-28 10:25:10.074829',31,false,true,'{}');
INSERT INTO public.uploaded_advanced_photo (id,"createdAt","updatedAt",advanced_photo_id,file_id,report_id,"label","beforeAfterType",order_index) VALUES
	 (25,'2025-08-07 16:30:30.052311','2025-08-07 16:30:30.052311',28,'fe4cecd6-fd7d-4da9-8b55-968c826e210e'::uuid,24,'Label 1','before',0),
	 (26,'2025-08-07 16:30:30.849298','2025-08-07 16:30:30.849298',28,'672b1336-3542-4b48-ac71-4d9cf141ae86'::uuid,24,'Label 2','before',1),
	 (27,'2025-08-07 16:30:32.263364','2025-08-07 16:30:32.263364',28,'347a6e20-bfab-42aa-99ce-4b5270edea0b'::uuid,24,'Label 1','after',0),
	 (28,'2025-08-07 16:30:34.45676','2025-08-07 16:30:34.45676',28,'36510ab3-b757-4a4a-b24b-0a3ecd4321d4'::uuid,24,'Label 2','after',1);


